Reported m/z,Reported ion,Monoisotopic Mass (Da),Molecular Formula,Reported compound name,Genus,reference
,,117.078979,C5H11NO2,Glycine betaine,Scleractinia,"Hill, R., Li, C., Jones, A., Gunn, J., & Frade, P., 2010, Coral Reefs 29(4): 869"
,,126.042931,C5H6N2O2,5-methyluracil ,Scopulariopsis,"Elnaggar, M.S., Ebada, S.S., Ashour, M.L., et al., 2017, Fitoterapia 116: 126"
,,131.094635,C6H13NO2,Beta-alanine betaine ,Scleractinia,"Hill, R., Li, C., Jones, A., Gunn, J., & Frade, P., 2010, Coral Reefs 29(4): 869"
,,131.095,C6H13NO2,Alanine betaine,Scleractinia,"Hill, R., Li, C., Jones, A., Gunn, J., & Frade, P., 2010, Coral Reefs 29(4): 869"
135,[M+H]+,134.040146,C5H10O2S,Dimethylsulfoniopropionate ,Acropora,"Swan, H.B., Deschaseaux, E.S., Jones, G.B., & Eyre, B.D., 2017, Analytical and Bioanalytical Chemistry 409(7): 1929"
,,137.047684,C7H7NO2,Trigonelline ,Scleractinia,"Hill, R., Li, C., Jones, A., Gunn, J., & Frade, P., 2010, Coral Reefs 29(4): 869"
,,143.094635,C7H13NO2,Proline betaine,Scleractinia,"Hill, R., Li, C., Jones, A., Gunn, J., & Frade, P., 2010, Coral Reefs 29(4): 869"
,,145.052765,C9H7NO,Indole-3-carboxaldehyde ,Scopulariopsis,"Elnaggar, M.S., Ebada, S.S., Ashour, M.L., et al., 2017, Fitoterapia 116: 126"
,,159.089543,C7H13NO3,Hydroxyproline betaine,Scleractinia,"Hill, R., Li, C., Jones, A., Gunn, J., & Frade, P., 2010, Coral Reefs 29(4): 869"
,,161.047684,C9H7NO2,Indole-3-carboxylic acid ,Scopulariopsis,"Elnaggar, M.S., Ebada, S.S., Ashour, M.L., et al., 2017, Fitoterapia 116: 126"
,,176.083725,C11H12O2,"6-hydroxy-2,2-dimethyl-2H-chromene ",Scopulariopsis,"Elnaggar, M.S., Ebada, S.S., Ashour, M.L., et al., 2017, Fitoterapia 116: 126"
199,[M+Na]+,176.1201,C12H16O,Montiporyne G,Montipora,"Alam, N., Bae, B.H., Hong, J., et al., 2001, Journal of natural products 64(8): 1059"
201,[M+Na]+,178.135757,C12H18O,"Dodecane-2,4-diyn-1-ol ",Montipora,"Alam, N., Bae, B.H., Hong, J., et al., 2001, Journal of natural products 64(8): 1059"
179,[M+H]+,178.1358,C12H18O,"2,4-dodecadiyn-1-ol",Montipora,"Coll, J., Bowden, B., Meehan, G., et al., 1994, Mar. Biol. 118(2): 177"
,,188.058578,C10H8N2O2,(1H-indol-3-yl) oxoacetamide ,Scopulariopsis,"Elnaggar, M.S., Ebada, S.S., Ashour, M.L., et al., 2017, Fitoterapia 116: 126"
,,191.058243,C10H9NO3,4-hydroxy-3-methoxy-2(1H)-quinolinone ,Scopulariopsis,"Elnaggar, M.S., Ebada, S.S., Ashour, M.L., et al., 2017, Fitoterapia 116: 126"
194,[M+H]+,193.085129,C9H11N3O2,Tubastrine,Tubastraea aurea,"Sakai, R., & Higa, T., 1987, Chemistry Letters 16(1): 127"
203.0701,[M+H]+,202.063,C12H10O3,"6-hydroxy-2,7-dimethyl-1,4-naphthoquinone ",Scopulariopsis,"Elnaggar, M.S., Ebada, S.S., Ashour, M.L., et al., 2017, Fitoterapia 116: 126"
227,[M+Na]+,204.151413,C14H20O,"13-tetradecene-2,4-diyn- 1-ol ",Montipora,"Alam, N., Bae, B.H., Hong, J., et al., 2001, Journal of natural products 64(8): 1059"
205,[M+H]+,204.151413,C14H20O,"13-tetradecene-2,4-diyn-1-ol",Montipora,"Coll, J., Bowden, B., Meehan, G., et al., 1994, Mar. Biol. 118(2): 177"
,,204.151413,C14H20O,"13-tetradecene-2,4-diyn-1-ol ",Montipora,"Higa, T., Tanaka, J., Kohagura, T., & Wauke, T., 1990, Chemistry Letters 19(1): 145"
,,206.057907,C11H10O4,Scoparone ,Scopulariopsis,"Elnaggar, M.S., Ebada, S.S., Ashour, M.L., et al., 2017, Fitoterapia 116: 126"
215,[M+H]+,214.1358,C15H18O,Montiporyne L,Montipora,"Alam, N., Bae, B.H., Hong, J., et al., 2001, Journal of natural products 64(8): 1059"
215,[M+H]+,214.1358,C15H18O,Montiporyne M ,Montipora,"Alam, N., Bae, B.H., Hong, J., et al., 2001, Journal of natural products 64(8): 1059"
,,216.09,C12H12N2O2,N-acetyl-_-oxotryptamine ,Scopulariopsis,"Elnaggar, M.S., Ebada, S.S., Ashour, M.L., et al., 2017, Fitoterapia 116: 126"
239,[M+Na]+,216.1514,C15H20O,Montiporyne A,Montipora,"Bae, B.H., Im, K.S., Choi, W.C., et al., 2000, Journal of natural products 63(11): 1511"
217,[M+H]+,216.1514,C15H20O,Montiporyne A,Montipora,"Bae, B.H., Im, K.S., Choi, W.C., et al., 2000, Journal of natural products 63(11): 1511"
217,[M+H]+,216.1514,C15H20O,Montiporyne B,Montipora,"Bae, B.H., Im, K.S., Choi, W.C., et al., 2000, Journal of natural products 63(11): 1511"
243,[M+Na]+,220.1463,C14H20O2,Montiporyne H,Montipora,"Alam, N., Bae, B.H., Hong, J., et al., 2001, Journal of natural products 64(8): 1059"
227,[M+H]+,228.208923,C14H28O2,Myristic Acid ,Aiptasia/Symbiodinium ,"Dunn, S.R., Thomas, M.C., Nette, G.W., & Dove, S.G., 2012, PloS one 7(10): e46801"
,,230.167068,C16H22O,"13,15-hexadecadiene-2,4-diyn-1-ol ",Montipora,"Higa, T., Tanaka, J., Kohagura, T., & Wauke, T., 1990, Chemistry Letters 19(1): 145"
233,[M+H]+,232.121185,C13H16N2O2,Melatonin,Symbiodinium,"Roopin, M., Yacobi, Y.Z., & Levy, O., 2013, Journal of pineal research 55(1): 89"
255,[M+Na]+,232.1463,C15H20O2,Montiporyne J,Montipora,"Alam, N., Bae, B.H., Hong, J., et al., 2001, Journal of natural products 64(8): 1059"
257,[M+Na]+,234.162,C15H22O2,Montiporyne I ,Montipora,"Alam, N., Bae, B.H., Hong, J., et al., 2001, Journal of natural products 64(8): 1059"
235.1332,[M-H]-,236.1412,C14H20O3,Montiporic acid A ,Montipora,"Fusetani, N., Toyoda, T., Asai, N., Matsunaga, S., & Maruyama, T., 1996, Journal of natural products 59(8): 796"
243,[M+H]+,242.1671,C17H22O,Montiporyne C,Montipora,"Bae, B.H., Im, K.S., Choi, W.C., et al., 2000, Journal of natural products 63(11): 1511"
243,[M+H]+,242.1671,æC17H22O,Montiporyne D,Montipora,"Bae, B.H., Im, K.S., Choi, W.C., et al., 2000, Journal of natural products 63(11): 1511"
245,[M+H]+,244.105927,C10H16N2O5,Palythine ,Pocillopora ,"Carignan, M.O., Cardozo, K.H., Oliveira-Silva, D., Colepicolo, P., & Carreto, J.I., 2009, Journal of Photochemistry and Photobiology B: Biology 94(3): 191"
245,[M+H]+,244.105927,C10H16N2O5,Palythine,Acropora,"Dunlap, W., & Chalker, B., 1986, Coral Reefs 5(3): 155"
245,[M+H]+,244.1827,C17H24O,"(14Z)-14,16-heptadecadiene-2,4-diyn-1-ol",Montipora,"Coll, J., Bowden, B., Meehan, G., et al., 1994, Mar. Biol. 118(2): 177"
245,[M+H]+,244.247,C10H16N2O5,Palythine ,Acropora,"Rosic, N.N., Braun, C., & Kvaskoff, D., 2015, Natural Products From Marine Algae: Methods and Protocols: 119"
246,[M+H]+,245.089935,C10H15NO6,Mycosporin-Gly,Acropora,"Dunlap, W., & Chalker, B., 1986, Coral Reefs 5(3): 155"
269,[M+Na]+,246.161987,C16H22O2,Homomontiporyne J,Montipora,"Alam, N., Hong, J., Lee, C.-O., et al., 2002, Chemical and pharmaceutical bulletin 50(5): 661"
271,[M+Na]+,248.14124,C15H20O3 ,Methyl Montiporate C,Montipora,"Alam, N., Hong, J., Lee, C.-O., et al., 2002, Chemical and pharmaceutical bulletin 50(5): 661"
,,248.141251,C15H20O3,"11-dodecene-2,4-diynyl methoxyacetate ",Montipora,"Higa, T., Tanaka, J., Kohagura, T., & Wauke, T., 1990, Chemistry Letters 19(1): 145"
271,[M+Na]+,248.17763,C16H24O2 ,Dihomomontiporyne H,Montipora,"Alam, N., Hong, J., Lee, C.-O., et al., 2002, Chemical and pharmaceutical bulletin 50(5): 661"
273,[M+Na]+,250.1569,C15H22O3,Methyl montiporate A ,Montipora,"Alam, N., Bae, B.H., Hong, J., et al., 2001, Journal of natural products 64(8): 1059"
,,254.11676,C14H14N4O,Aplysinopsin,Astroides calycularis ,"Cachet, N., Loffredo, L., Vicente, O.O., & Thomas, O.P., 2013, Phytochem. Lett. 6(2): 205"
253,[M+H]+,254.224579,C16H30O2,Palmitoleic Acid ,Aiptasia/Symbiodinium ,"Dunn, S.R., Thomas, M.C., Nette, G.W., & Dove, S.G., 2012, PloS one 7(10): e46801"
,,255.100784,C14H13N3O2,3'-deimino-3'-oxoaplysinopsin ,Tubastraea,"Guella, G., Mancini, I., Zibrowius, H., & Pietra, F., 1988, Helvetica chimica acta 71(4): 773"
279,[M+Na]+,256.1085,C14H17NaO3,Montiporic acid C ,Montipora,"Alam, N., Bae, B.H., Hong, J., et al., 2001, Journal of natural products 64(8): 1059"
256,[M+],256.1827,C18H24O,Montiporyne F,Montipora,"Bae, B.H., Im, K.S., Choi, W.C., et al., 2000, Journal of natural products 63(11): 1511"
255,[M+H]+,256.240234,C16H32O2,Palmitic Acid ,Aiptasia/Symbiodinium ,"Dunn, S.R., Thomas, M.C., Nette, G.W., & Dove, S.G., 2012, PloS one 7(10): e46801"
280,[M+Na]+,257.178,C17H23NO,Montiporyne E ,Montipora,"Bae, B.H., Im, K.S., Choi, W.C., et al., 2000, Journal of natural products 63(11): 1511"
258,[M+H]+,257.178,C17H23NO,Montiporyne E ,Montipora,"Bae, B.H., Im, K.S., Choi, W.C., et al., 2000, Journal of natural products 63(11): 1511"
283,[M+Na]+,260.1776,C17H24O2,Montiporyne K,Montipora,"Alam, N., Bae, B.H., Hong, J., et al., 2001, Journal of natural products 64(8): 1059"
261.15,[M-H]-,262.1569,C16H22O3,Montiporic acid B,Montipora,"Fusetani, N., Toyoda, T., Asai, N., Matsunaga, S., & Maruyama, T., 1996, Journal of natural products 59(8): 796"
,,264.172546,C16H24O3,"2,4-tridecadiynyl methoxyacetate",Montipora,"Higa, T., Tanaka, J., Kohagura, T., & Wauke, T., 1990, Chemistry Letters 19(1): 145"
275,[M+H]+,274.116486,C11H18N2O6,Palythine-serine ,Pocillopora ,"Carignan, M.O., Cardozo, K.H., Oliveira-Silva, D., Colepicolo, P., & Carreto, J.I., 2009, Journal of Photochemistry and Photobiology B: Biology 94(3): 191"
275,,274.116486,C11H18N2O6,Palythine-serine ,Acropora,"Rosic, N.N., Braun, C., & Kvaskoff, D., 2015, Natural Products From Marine Algae: Methods and Protocols: 120"
299,[M+Na]+,276.1725,C17H24O3,Methyl montiporate B,Montipora,"Alam, N., Bae, B.H., Hong, J., et al., 2001, Journal of natural products 64(8): 1059"
275,[M+H]+,276.208923,C18H28O2,Stearidonic Acid ,Aiptasia/Symbiodinium ,"Dunn, S.R., Thomas, M.C., Nette, G.W., & Dove, S.G., 2012, PloS one 7(10): e46801"
279,[M+H]+,280.240234,C18H32O2,Linoleic Acid,Aiptasia/Symbiodinium ,"Dunn, S.R., Thomas, M.C., Nette, G.W., & Dove, S.G., 2012, PloS one 7(10): e46801"
282.1357,[M+H]+,281.126312,C14H19NO5,Zooxanthellabetaine-A,Symbiodinium,"Nakamura, H., Kawase, Y., Maruyama, K., & Murai, A., 1998, Bulletin of the Chemical Society of Japan 71(4): 781"
281,[M+H]+,282.25589,C18H34O2,Elaidic Acid ,Aiptasia/Symbiodinium ,"Dunn, S.R., Thomas, M.C., Nette, G.W., & Dove, S.G., 2012, PloS one 7(10): e46801"
281,[M+H]+,282.25589,C18H34O2,Oleic Acid ,Aiptasia/Symbiodinium ,"Dunn, S.R., Thomas, M.C., Nette, G.W., & Dove, S.G., 2012, PloS one 7(10): e46801"
283,[M+H]+,284.271515,C18H36O2,Stearic Acid,Aiptasia/Symbiodinium ,"Dunn, S.R., Thomas, M.C., Nette, G.W., & Dove, S.G., 2012, PloS one 7(10): e46801"
385,[M+H]+,284.312,C13H20N2O5,Palythene ,Acropora,"Rosic, N.N., Braun, C., & Kvaskoff, D., 2015, Natural Products From Marine Algae: Methods and Protocols: 121"
284.1372,[M]+,284.312,C13H20N2O5,Palythene,Zoanthid,"Takano, S., Uemura, D., & Hirata, Y., 1978, Tetrahedron Letters 19(49): 4909"
289,[M+H]+,288.1321,C12H20N2O6,Mycosporine-methylamine-serine ,Pocillopora ,"Carignan, M.O., Cardozo, K.H., Oliveira-Silva, D., Colepicolo, P., & Carreto, J.I., 2009, Journal of Photochemistry and Photobiology B: Biology 94(3): 191"
289,[M+H]+,288.1321,C12H20N2O6,Palythine-threonine,Pocillopora capitata,"Carignan, M.O., Cardozo, K.H., Oliveira-Silva, D., Colepicolo, P., & Carreto, J.I., 2009, Journal of Photochemistry and Photobiology B: Biology 94(3): 191"
311.1596,[M+Na]+,288.17254,C18H24O3,Montiporic acid D ,Montipora,"Kodani, S., Sato, K., Higuchi, T., Casareto, B.E., & Suzuki, Y., 2013, Nat Prod Res 27(20): 1859"
289,[M+H]+,288.3,C12H20N2O6,Asterina-330,Asterinidae,"Nakamura, H., Kobayashi, J.-i., & Hirata, Y., 1981, Chemistry Letters 10(10): 1413"
292.1913,[M+H]+,291.183441,C17H25NO3,Montipyridine,Montipora,"Alam, N., Hong, J., Lee, C.O., et al., 2001, Journal of natural products 64(7): 956"
,,294.0892,C18H14O4,Neodunol methyl ether,Echinopora lamellosa,"Sanduja, R., Martin, G., Weinheimer, A., et al., 1984, Journal of heterocyclic chemistry 21(3): 845"
303,[M+H]+,302.147797,C13H22N2O6,Palythinol,Acropora,"Dunlap, W., & Chalker, B., 1986, Coral Reefs 5(3): 155"
303.1542,[M+H]+,302.1478,C13H22N2O6,Mycosporine-methylamine:threonine. ,Pocillopora/Stylophora,"Won, J.J.W., Rideout, J.A., & Chalker, B.E., 1995, Tetrahedron letters 36(29): 5255"
301,[M+H]+,302.224579,C20H30O2,Timnodonic Acid,Aiptasia/Symbiodinium ,"Dunn, S.R., Thomas, M.C., Nette, G.W., & Dove, S.G., 2012, PloS one 7(10): e46801"
303,[M+H]+,302.283,C12H18N2O7,Mycosporine-2-glycine,Anthopleura elegantissima,"Stochaj, W., Dunlap, W., & Shick, J., 1994, Mar. Biol. 118(1): 149"
303,[M+H]+,304.240234,C20H32O2,Arachidonic Acid ,Aiptasia/Symbiodinium ,"Dunn, S.R., Thomas, M.C., Nette, G.W., & Dove, S.G., 2012, PloS one 7(10): e46801"
305,[M+H]+,304.240234,C20H32O2,Eicosatrienoic acid,Aiptasia/Symbiodinium ,"Dunn, S.R., Thomas, M.C., Nette, G.W., & Dove, S.G., 2012, PloS one 7(10): e46801"
307,[M+H]+,308.271515,C20H36O2,Eicosadienoic acid,Aiptasia/Symbiodinium ,"Dunn, S.R., Thomas, M.C., Nette, G.W., & Dove, S.G., 2012, PloS one 7(10): e46802"
309,[M+H]+,310.28717,C20H38O2,Gadoleic acid ,Aiptasia/Symbiodinium ,"Dunn, S.R., Thomas, M.C., Nette, G.W., & Dove, S.G., 2012, PloS one 7(10): e46803"
311,[M+H]+,312.302826,C20H40O2,Arachidic Acid,Aiptasia/Symbiodinium ,"Dunn, S.R., Thomas, M.C., Nette, G.W., & Dove, S.G., 2012, PloS one 7(10): e46804"
319.2,[M-H]-,320.235138,C20H32O3,8-HETE,Scleractinia,"Lohelaid, H., & Samel, N., 2018, Marine drugs 16(1): 10"
327.2317,[M+H]+,326.224579,C22H30O2,Zooxanthellactone,Symbiodinium,"Onodera, K., Fukatsu, T., Kawai, N., et al., 2004, Biosci. Biotechnol. Biochem. 68(4): 848"
327,[M+H]+,328.240234,C22H32O2,Docosahexaenoic Acid,Aiptasia/Symbiodinium ,"Dunn, S.R., Thomas, M.C., Nette, G.W., & Dove, S.G., 2012, PloS one 7(10): e46805"
329,[M+H]+,330.25589,C22H34O2,Clupanodonic Acid ,Aiptasia/Symbiodinium ,"Dunn, S.R., Thomas, M.C., Nette, G.W., & Dove, S.G., 2012, PloS one 7(10): e46806"
,,332.027252,C14H13BrN4O,6-bromoaplysinopsin,Astroides calycularis ,"Cachet, N., Loffredo, L., Vicente, O.O., & Thomas, O.P., 2013, Phytochem. Lett. 6(2): 205"
333,[M+H]+,332.121979,C13H20N2O8,Shinorine ,Pocillopora ,"Carignan, M.O., Cardozo, K.H., Oliveira-Silva, D., Colepicolo, P., & Carreto, J.I., 2009, Journal of Photochemistry and Photobiology B: Biology 94(3): 191"
331,[M+H]+,332.271515,C22H36O2,Adrenic Acid ,Aiptasia/Symbiodinium ,"Dunn, S.R., Thomas, M.C., Nette, G.W., & Dove, S.G., 2012, PloS one 7(10): e46807"
333,[M+H]+,332.309,C13H20N2O8,Shinorine,Acropora,"Rosic, N.N., Braun, C., & Kvaskoff, D., 2015, Natural Products From Marine Algae: Methods and Protocols: 122"
,,333.011292,C14H12BrN3O2,6-bromo-3'-deimino-3'-oxoaplysinopsin ,Tubastraea,"Guella, G., Mancini, I., Zibrowius, H., & Pietra, F., 1988, Helvetica chimica acta 71(4): 773"
333,[M+H]+,334.28717,C22H38O2,Docosatrienoic acid,Aiptasia/Symbiodinium ,"Dunn, S.R., Thomas, M.C., Nette, G.W., & Dove, S.G., 2012, PloS one 7(10): e46808"
337,[M+H]+,338.318481,C22H42O2,Erucic Acid,Aiptasia/Symbiodinium ,"Dunn, S.R., Thomas, M.C., Nette, G.W., & Dove, S.G., 2012, PloS one 7(10): e46809"
339,[M+H]+,340.334137,C22H44O2,Behenic Acid ,Aiptasia/Symbiodinium ,"Dunn, S.R., Thomas, M.C., Nette, G.W., & Dove, S.G., 2012, PloS one 7(10): e46810"
,,344.2351,C22H32O3,10-hydroxydocosahexaenoic acid ,Madrepora ,"Mancini, I., Guerriero, A., Guella, G., et al., 1999, Helvetica chimica acta 82(5): 677"
347.0512,[M+H]+,346.042908,C15H15BrN4O,6-bromo-N-methylaplysinopsin,Astroides calycularis ,"Cachet, N., Loffredo, L., Vicente, O.O., & Thomas, O.P., 2013, Phytochem. Lett. 6(2): 205"
347,[M+H]+,346.137604,C14H22N2O8,Porphyra-334,Pocillopora ,"Carignan, M.O., Cardozo, K.H., Oliveira-Silva, D., Colepicolo, P., & Carreto, J.I., 2009, Journal of Photochemistry and Photobiology B: Biology 94(3): 191"
,,346.2508,C22H34O3,10-hydroxydocosapentaenoic acid,Madrepora ,"Mancini, I., Guerriero, A., Guella, G., et al., 1999, Helvetica chimica acta 82(5): 677"
347,[M+H]+,346.336,C14H22N2O8,Porphyra-334 ,Acropora,"Rosic, N.N., Braun, C., & Kvaskoff, D., 2015, Natural Products From Marine Algae: Methods and Protocols: 123"
,,348.2664,C22H36O3,10-hydroxydocosatetraenoic acid ,Madrepora ,"Mancini, I., Guerriero, A., Guella, G., et al., 1999, Helvetica chimica acta 82(5): 677"
351.2,[M-H]-,352.224976,C20H32O5,(-)-prostaglandin E2,Galaxea fascicularis ,"Lohelaid, H., & Samel, N., 2018, Marine drugs 16(1): 11"
351.2,[M-H]-,352.224976,C20H32O5,Prostaglandin D2,Galaxea fascicularis ,"Lohelaid, H., & Samel, N., 2018, Marine drugs 16(1): 12"
353.06696,M-,353.0655,C11H17N2O9S,Palythine-serine sulphate,Stylophora pistillata,"Won, J.J.W., Chalker, B.E., & Rideout, J.A., 1997, Tetrahedron letters 38(14): 2525"
353.2,[M-H]-,354.240631,C20H34O5,(+)-prostaglandin F2a,Galaxea fascicularis ,"Lohelaid, H., & Samel, N., 2018, Marine drugs 16(1): 13"
367.082,M-,367.0811,C12H19N2O9S,Palythine-threonine sulphate,Stylophora pistillata,"Won, J.J.W., Chalker, B.E., & Rideout, J.A., 1997, Tetrahedron letters 38(14): 2525"
378.1368,[M+H]+,377.1297,C19H23NO5S,Symbioimine,Symbiodinium,"Kita, M., Kondo, M., Koyama, T., et al., 2004, Journal of the American Chemical Society 126(15): 4794"
376.1213,[M-H]-,377.1297,C19H23NO5S,Symbioimine,Symbiodinium,"Kita, M., Kondo, M., Koyama, T., et al., 2004, Journal of the American Chemical Society 126(15): 4794"
296,[M-SO3H]-,377.1297,C19H23NO5S,Symbioimine,Symbiodinium,"Kita, M., Kondo, M., Koyama, T., et al., 2004, Journal of the American Chemical Society 126(15): 4794"
383,[M+H]+,382.104614,C13H22N2O9S,Catenelline,Rhabdoniaceae,"Hartmann, A., Becker, K., Karsten, U., Remias, D., & Ganzera, M., 2015, Marine drugs 13(10): 6291"
700 - 960,,385.11377,C13H24NO10P,Phosphatidylserine,Aiptasia,"Garrett, T.A., Schmeitzel, J.L., Klein, J.A., Hwang, J.J., & Schwarz, J.A., 2013, PloS one 8(3): e57975"
,,386.169159,C18H22N6O4,Orthidine A,Astroides calycularis ,"Cachet, N., Loffredo, L., Vicente, O.O., & Thomas, O.P., 2013, Phytochem. Lett. 6(2): 205"
,,386.169159,C18H22N6O4,Orthidine D,Astroides calycularis ,"Cachet, N., Loffredo, L., Vicente, O.O., & Thomas, O.P., 2013, Phytochem. Lett. 6(2): 205"
880 - 950,,390.056335,C11H19O13P,Phosphatidylinositol,Aiptasia,"Garrett, T.A., Schmeitzel, J.L., Klein, J.A., Hwang, J.J., & Schwarz, J.A., 2013, PloS one 8(3): e57976"
,,398.137238,C15H22N6O5S,Acylcarnitine C16:0,Pocillopora ,"Sogin, E.M., Putnam, H.M., Anderson, P.E., & Gates, R.D., 2016, Metabolomics 12(4): 71"
,,402.277,C25H38O4,Cladocoran B,Cladocora cespitosa ,"Fontana, A., Ciavatta, M.L., & Cimino, G., 1998, The Journal of Organic Chemistry 63(9): 2845"
404.154,[M-H]-,405.16098,C21H27NO5S,Neosymbioimine,Symbiodinium,"Kita, M., Ohishi, N., Washida, K., et al., 2005, Bioorganic & medicinal chemistry 13(17): 5253"
324,[M-SO3H]-,405.16098,C21H27NO5S,Neosymbioimine,Symbiodinium,"Kita, M., Ohishi, N., Washida, K., et al., 2005, Bioorganic & medicinal chemistry 13(17): 5253"
,,416.329,C27H44O3,Smilagenin,Echinopora lamellosa,"Sanduja, R., Martin, G., Weinheimer, A., et al., 1984, Journal of heterocyclic chemistry 21(3): 846"
,,444.287567,C27H40O5,Cladocoran A ,Cladocora cespitosa ,"Fontana, A., Ciavatta, M.L., & Cimino, G., 1998, The Journal of Organic Chemistry 63(9): 2845"
,,458.376007,C30H50O3,Soyasapogenol B ,Scopulariopsis,"Elnaggar, M.S., Ebada, S.S., Ashour, M.L., et al., 2017, Fitoterapia 116: 127"
471.3466,[M+H]+,470.339585,C30H46O4,"15_,22_,24-trihydroxyolean-11,13-diene-3-one ",Scopulariopsis,"Elnaggar, M.S., Ebada, S.S., Ashour, M.L., et al., 2017, Fitoterapia 116: 128"
,,470.3396,C30H46O4,Glycyrrhetic acid ,Echinopora lamellosa,"Sanduja, R., Martin, G., Weinheimer, A., et al., 1984, Journal of heterocyclic chemistry 21(3): 847"
482.36,[M+H]+,481.35321,C24H52NO6P,Lyso-PAF C-16 ,Scleractinia,"Quinn, R.A., Vermeij, M.J., Hartmann, A.C., et al., 2016,  Proc. R. Soc. B"
,,495.3325,C24H50NO7P,LPC(16:0),Pocillopora ,"Sogin, E.M., Putnam, H.M., Anderson, P.E., & Gates, R.D., 2016, Metabolomics 12(4): 72"
,,498.3709,C32H50O4,3_-acetoxy-11-deoxo-glycyrrhetic acid,Echinopora lamellosa,"Sanduja, R., Martin, G., Weinheimer, A., et al., 1984, Journal of heterocyclic chemistry 21(3): 848"
498.321,,499.329773,C30H45NO5,Zooxanthellamine,Symbiodinium,"Nakamura, H., Kawase, Y., Maruyama, K., & Murai, A., 1998, Bulletin of the Chemical Society of Japan 71(4): 781"
503.3368,[M+H]+,502.3294,C30H46O6,"3_,7_,15_,24-tetrahydroxyolean-12-ene-11,22-dione ",Scopulariopsis,"Elnaggar, M.S., Ebada, S.S., Ashour, M.L., et al., 2017, Fitoterapia 116: 129"
509.2411,[M+H]+,508.2335,C28H28N8O2,Tubastrindole B ,Tubastraea,"Iwagawa, T., Miyazaki, M., Okamura, H., et al., 2003, Tetrahedron letters 44(12): 2533"
510.2254,[M+H]+,509.2175,C28H27N7O3,Tubastrindole C,Tubastraea,"Iwagawa, T., Miyazaki, M., Okamura, H., et al., 2003, Tetrahedron letters 44(12): 2534"
510.42,[M+H]+,509.384521,C26H56NO6P,Lyso-PAF C-18 ,Scleractinia,"Quinn, R.A., Vermeij, M.J., Hartmann, A.C., et al., 2016,  Proc. R. Soc. B"
,,509.384521,C26H56NO6P,Lyso-PAF C-18,Pocillopora ,"Sogin, E.M., Putnam, H.M., Anderson, P.E., & Gates, R.D., 2016, Metabolomics 12(4): 73"
533,[M+Na]+,510.202,C28H26N6O4,Cycloaplysinopsin A ,Dendrophylliidae ,"(Mancini, Guella, Zibrowius, & Pietra, 2003)"
509,[M-H]-,510.202,C28H26N6O4,Cycloaplysinopsin A ,Dendrophylliidae ,"Mancini, I., Guella, G., Zibrowius, H., & Pietra, F., 2003, Tetrahedron 59(44): 8757"
510,M+,510.3345,C32H46O5,Echinolactone A,Echinopora lamellosa,"Sanduja, R., Weinheimer, A., Alam, M., Hossain, M., & Van der Helm, D., 1984, Journal of the Chemical Society, Chemical Communications(16): 1091"
,,512.3502,C32H48O5,3_-acetoxyglycyrrhetic acid ,Echinopora lamellosa,"Sanduja, R., Martin, G., Weinheimer, A., et al., 1984, Journal of heterocyclic chemistry 21(3): 849"
,,523.3638,C26H54NO7P,LPC(18:0),Pocillopora ,"Sogin, E.M., Putnam, H.M., Anderson, P.E., & Gates, R.D., 2016, Metabolomics 12(4): 74"
547.2186,[M+Na]+,524.2284,C28H28N8O3,Cycloaplysinopsin C ,Tubastraea,"Meyer, M., Delberghe, F., Liron, F., et al., 2009, Nat Prod Res 23(2): 178"
549,[M+Na]+,526.196,C28H26N6O5,Cycloaplysinopsin B ,Dendrophylliidae ,"Mancini, I., Guella, G., Zibrowius, H., & Pietra, F., 2003, Tetrahedron 59(44): 8757"
525,[M-H]-,526.196,C28H26N6O5,Cycloaplysinopsin B ,Dendrophylliidae ,"Mancini, I., Guella, G., Zibrowius, H., & Pietra, F., 2003, Tetrahedron 59(44): 8757"
537,[M+H]+,536.438232,C40H56,Betacarotene,Symbiodinium,"Venn, A.A., Wilson, M.A., Trapido-Rosenthal, H.G., Keely, B.J., & Douglas, A.E., 2006, Plant, cell & environment 29(12): 2133"
,,551.3951,C28H58NO7P,LPC(20:0),Pocillopora ,"Sogin, E.M., Putnam, H.M., Anderson, P.E., & Gates, R.D., 2016, Metabolomics 12(4): 75"
554.5153,[M+H]+,553.507019,C34H67NO4,Symbioramide-C16,Symbiodinium,"Nakamura, H., Kawase, Y., Maruyama, K., & Murai, A., 1998, Bulletin of the Chemical Society of Japan 71(4): 781"
567,[M+H]+,566.412354,C40H54O2,Diatoxanthin,Symbiodinium,"Venn, A.A., Wilson, M.A., Trapido-Rosenthal, H.G., Keely, B.J., & Douglas, A.E., 2006, Plant, cell & environment 29(12): 2134"
,,567.3325,C30H50NO7P,LPC(22:6),Pocillopora ,"Sogin, E.M., Putnam, H.M., Anderson, P.E., & Gates, R.D., 2016, Metabolomics 12(4): 76"
582,[M+H]+,581.5383,C36H71NO4,Symbioramide,Symbiodinium,"Kobayashi, J., Ishibashi, M., Nakamura, H., et al., 1988, Experientia 44(9): 800"
583,[M+H]+,582.407288,C40H54O3,Diadinochrome,Symbiodinium,"Venn, A.A., Wilson, M.A., Trapido-Rosenthal, H.G., Keely, B.J., & Douglas, A.E., 2006, Plant, cell & environment 29(12): 2135"
583,[M+H]+,582.407288,C40H54O3,Diadinoxanthin,Symbiodinium,"Venn, A.A., Wilson, M.A., Trapido-Rosenthal, H.G., Keely, B.J., & Douglas, A.E., 2006, Plant, cell & environment 29(12): 2136"
587.152,[M+H]+,586.1441,C28H27BrN8O2,Tubastrindole A,Tubastraea,"Iwagawa, T., Miyazaki, M., Okamura, H., et al., 2003, Tetrahedron letters 44(12): 2535"
601,,608.19104,C35H28MgN4O5,ChlorophyllæC2,Symbiodinium,"Venn, A.A., Wilson, M.A., Trapido-Rosenthal, H.G., Keely, B.J., & Douglas, A.E., 2006, Plant, cell & environment 29(12): 2137"
622,M+,622.1294,C30H40Br2O4,Echinolactone B ,Echinopora lamellosa,"Sanduja, R., Weinheimer, A., Alam, M., Hossain, M., & Van der Helm, D., 1984, Journal of the Chemical Society, Chemical Communications(16): 1091"
630,[M+H]+,630.355652,C39H50O7,Peridinin (and two related norcarotenoids),Symbiodinium,"Suzuki, M., Watanabe, K., Fujiwara, S., et al., 2003, Chemical and pharmaceutical bulletin 51(6): 724"
631,[M+H]+,630.355652,C39H50O7,cis-peridinin,Symbiodinium,"Venn, A.A., Wilson, M.A., Trapido-Rosenthal, H.G., Keely, B.J., & Douglas, A.E., 2006, Plant, cell & environment 29(12): 2138"
631,[M+H]+,630.355652,C39H50O7,Peridinin,Symbiodinium,"Venn, A.A., Wilson, M.A., Trapido-Rosenthal, H.G., Keely, B.J., & Douglas, A.E., 2006, Plant, cell & environment 29(12): 2139"
,,640.5067,C41H68O5,DG(38:6),Pocillopora ,"Sogin, E.M., Putnam, H.M., Anderson, P.E., & Gates, R.D., 2016, Metabolomics 12(4): 77"
643,[M+H]+,642.428406,C42H58O5,Dinoxanthin,Symbiodinium,"Venn, A.A., Wilson, M.A., Trapido-Rosenthal, H.G., Keely, B.J., & Douglas, A.E., 2006, Plant, cell & environment 29(12): 2140"
,,668.9999,C30H25Br2NO7,Tubastraine,Tubastraea micrantha,"Alam, M., Sanduja, R., & Wellington, G., 1988, Heterocycles 27(3): 719"
,,705.5309,C38H76NO8P,PC(30:0),Pocillopora ,"Sogin, E.M., Putnam, H.M., Anderson, P.E., & Gates, R.D., 2016, Metabolomics 12(4): 78"
,,723.5203,C41H74NO7P,PE(P-36:4),Pocillopora ,"Sogin, E.M., Putnam, H.M., Anderson, P.E., & Gates, R.D., 2016, Metabolomics 12(4): 79"
863.7,,726.558716,C49H74O4,Ubiquinone-10 ,Acropora,"Lutz, A., Motti, C.A., Freckelton, M.L., et al., 2014, Journal of Experimental Marine Biology and Ecology 455: 1"
,,733.5622,C40H80NO8P,PC(16:0/16:0),Pocillopora ,"Sogin, E.M., Putnam, H.M., Anderson, P.E., & Gates, R.D., 2016, Metabolomics 12(4): 80"
,,743.5829,C42H82NO7P,PC(P-34:1),Pocillopora ,"Sogin, E.M., Putnam, H.M., Anderson, P.E., & Gates, R.D., 2016, Metabolomics 12(4): 81"
749.6,,748.615845,C53H80O2,Plastoquinone-9 ,Acropora,"Lutz, A., Motti, C.A., Freckelton, M.L., et al., 2014, Journal of Experimental Marine Biology and Ecology 455: 1"
,,749.5359,C43H76NO7P,PE(P-38:5),Pocillopora ,"Sogin, E.M., Putnam, H.M., Anderson, P.E., & Gates, R.D., 2016, Metabolomics 12(4): 82"
,,751.5516,C43H78NO7P,PE(P-38:4),Pocillopora ,"Sogin, E.M., Putnam, H.M., Anderson, P.E., & Gates, R.D., 2016, Metabolomics 12(4): 83"
,,759.5778,C42H82NO8P,PC(18:1/16:0),Pocillopora ,"Sogin, E.M., Putnam, H.M., Anderson, P.E., & Gates, R.D., 2016, Metabolomics 12(4): 84"
,,776.6894,C49H92O6,TG(46:1),Pocillopora ,"Sogin, E.M., Putnam, H.M., Anderson, P.E., & Gates, R.D., 2016, Metabolomics 12(4): 85"
,,777.5309,C44H76NO8P,PC(36:6),Pocillopora ,"Sogin, E.M., Putnam, H.M., Anderson, P.E., & Gates, R.D., 2016, Metabolomics 12(4): 86"
,,778.705,C49H94O6,TG(46:0),Pocillopora ,"Sogin, E.M., Putnam, H.M., Anderson, P.E., & Gates, R.D., 2016, Metabolomics 12(4): 87"
,,779.5465,C44H78NO8P,PC(36:5),Pocillopora ,"Sogin, E.M., Putnam, H.M., Anderson, P.E., & Gates, R.D., 2016, Metabolomics 12(4): 88"
,,781.5622,C44H80NO8P,PC(36:4),Pocillopora ,"Sogin, E.M., Putnam, H.M., Anderson, P.E., & Gates, R.D., 2016, Metabolomics 12(4): 89"
,,783.560059,C44H82NO6PS,Arachidonoylthio-PC,Pocillopora ,"Sogin, E.M., Putnam, H.M., Anderson, P.E., & Gates, R.D., 2016, Metabolomics 12(4): 90"
,,785.5935,C44H84NO8P,PC(36:2),Pocillopora ,"Sogin, E.M., Putnam, H.M., Anderson, P.E., & Gates, R.D., 2016, Metabolomics 12(4): 91"
,,787.6091,C44H86NO8P,PC(36:1),Pocillopora ,"Sogin, E.M., Putnam, H.M., Anderson, P.E., & Gates, R.D., 2016, Metabolomics 12(4): 92"
,,788.574538,C51H96O6,TG(48:1),Pocillopora ,"Sogin, E.M., Putnam, H.M., Anderson, P.E., & Gates, R.D., 2016, Metabolomics 12(4): 95"
,,790.590138,C51H94O6,TG(48:2),Pocillopora ,"Sogin, E.M., Putnam, H.M., Anderson, P.E., & Gates, R.D., 2016, Metabolomics 12(4): 94"
,,792.605738,C51H92O6,TG(48:3),Pocillopora ,"Sogin, E.M., Putnam, H.M., Anderson, P.E., & Gates, R.D., 2016, Metabolomics 12(4): 93"
795.5,,794.621338,C54H82O4,Ubiquinone-9 ,Acropora,"Lutz, A., Motti, C.A., Freckelton, M.L., et al., 2014, Journal of Experimental Marine Biology and Ecology 455: 1"
,,805.5622,C46H80NO8P,PC(38:6),Pocillopora ,"Sogin, E.M., Putnam, H.M., Anderson, P.E., & Gates, R.D., 2016, Metabolomics 12(4): 96"
,,806.7363,C51H98O6,TG(48:0),Pocillopora ,"Sogin, E.M., Putnam, H.M., Anderson, P.E., & Gates, R.D., 2016, Metabolomics 12(4): 97"
,,807.5778,C46H82NO8P,PC(38:5),Pocillopora ,"Sogin, E.M., Putnam, H.M., Anderson, P.E., & Gates, R.D., 2016, Metabolomics 12(4): 98"
,,809.5935,C46H84NO8P,PC(38:4),Pocillopora ,"Sogin, E.M., Putnam, H.M., Anderson, P.E., & Gates, R.D., 2016, Metabolomics 12(4): 99"
,,812.5604,C53H92O6,TG(50:5),Pocillopora ,"Sogin, E.M., Putnam, H.M., Anderson, P.E., & Gates, R.D., 2016, Metabolomics 12(4): 100"
813,,814.576,C53H74N4O3,Pyrophaeophytinæa,Symbiodinium,"Venn, A.A., Wilson, M.A., Trapido-Rosenthal, H.G., Keely, B.J., & Douglas, A.E., 2006, Plant, cell & environment 29(12): 2141"
,,822.458912,C53H96O6,TG(50:3),Pocillopora ,"Sogin, E.M., Putnam, H.M., Anderson, P.E., & Gates, R.D., 2016, Metabolomics 12(4): 102"
,,824.474512,C53H94O6,TG(50:4),Pocillopora ,"Sogin, E.M., Putnam, H.M., Anderson, P.E., & Gates, R.D., 2016, Metabolomics 12(4): 101"
730 - 825 a,,826.490112,C44H74O12S,Sulfoquinovosyldiacylglycerol ,Symbiodinium,"Garrett, T.A., Schmeitzel, J.L., Klein, J.A., Hwang, J.J., & Schwarz, J.A., 2013, PloS one 8(3): e57977"
,,827.5467,C55H104O6,TG(52:1),Pocillopora ,"Sogin, E.M., Putnam, H.M., Anderson, P.E., & Gates, R.D., 2016, Metabolomics 12(4): 110"
,,829.5623,C55H102O6,TG(52:3),Pocillopora ,"Sogin, E.M., Putnam, H.M., Anderson, P.E., & Gates, R.D., 2016, Metabolomics 12(4): 109"
,,830.7363,C53H98O6,TG(50:2),Pocillopora ,"Sogin, E.M., Putnam, H.M., Anderson, P.E., & Gates, R.D., 2016, Metabolomics 12(4): 103"
,,831.5779,C55H100O6,TG(52:4),Pocillopora ,"Sogin, E.M., Putnam, H.M., Anderson, P.E., & Gates, R.D., 2016, Metabolomics 12(4): 108"
,,833.5935,C48H84NO8P,PC(40:6),Pocillopora ,"Sogin, E.M., Putnam, H.M., Anderson, P.E., & Gates, R.D., 2016, Metabolomics 12(4): 104"
,,833.5935,C55H98O6,TG(52:5),Pocillopora ,"Sogin, E.M., Putnam, H.M., Anderson, P.E., & Gates, R.D., 2016, Metabolomics 12(4): 107"
,,834.7676,C53H102O6,TG(50:0),Pocillopora ,"Sogin, E.M., Putnam, H.M., Anderson, P.E., & Gates, R.D., 2016, Metabolomics 12(4): 105"
,,835.6091,C48H86NO8P,PC(40:5),Pocillopora ,"Sogin, E.M., Putnam, H.M., Anderson, P.E., & Gates, R.D., 2016, Metabolomics 12(4): 106"
,,862.7989,C55H106O6,TG(52:0),Pocillopora ,"Sogin, E.M., Putnam, H.M., Anderson, P.E., & Gates, R.D., 2016, Metabolomics 12(4): 111"
871,,870.565918,C55H74N4O5,Phaeophytinæa,Symbiodinium,"Venn, A.A., Wilson, M.A., Trapido-Rosenthal, H.G., Keely, B.J., & Douglas, A.E., 2006, Plant, cell & environment 29(12): 2142"
,,874.705,C57H94O6,TG(54:8),Pocillopora ,"Sogin, E.M., Putnam, H.M., Anderson, P.E., & Gates, R.D., 2016, Metabolomics 12(4): 112"
879.4434,[M+H]+,878.4313,C46H62N4O13,Mycalolide E,Tubastrea faulkneri,"Rashid, M.A., Gustafson, K.R., Cardeilina, J.H., & Boyd, M.R., 1995, Journal of natural products 58(7): 1120"
,,878.7363,C57H98O6,TG(54:6),Pocillopora ,"Sogin, E.M., Putnam, H.M., Anderson, P.E., & Gates, R.D., 2016, Metabolomics 12(4): 113"
,,888.8146,C57H108O6,TG(54:1),Pocillopora ,"Sogin, E.M., Putnam, H.M., Anderson, P.E., & Gates, R.D., 2016, Metabolomics 12(4): 114"
871,,892.535339,C55H72MgN4O5,Chlorophyllæa,Symbiodinium,"Venn, A.A., Wilson, M.A., Trapido-Rosenthal, H.G., Keely, B.J., & Douglas, A.E., 2006, Plant, cell & environment 29(12): 2143"
,,906.7676,C59H102O6,TG(56:6),Pocillopora ,"Sogin, E.M., Putnam, H.M., Anderson, P.E., & Gates, R.D., 2016, Metabolomics 12(4): 115"
,,910.7989,C59H106O6,TG(56:4),Pocillopora ,"Sogin, E.M., Putnam, H.M., Anderson, P.E., & Gates, R.D., 2016, Metabolomics 12(4): 116"
,,934.7989,C61H106O6,TG(58:6),Pocillopora ,"Sogin, E.M., Putnam, H.M., Anderson, P.E., & Gates, R.D., 2016, Metabolomics 12(4): 117"
1001.498,[M+H]+,1000.4892,C50H72N4O17,Mycalolide D,Tubastrea faulkneri,"Rashid, M.A., Gustafson, K.R., Cardeilina, J.H., & Boyd, M.R., 1995, Journal of natural products 58(7): 1120"
999,[M-H]-,1000.4892,C50H72N4O17,Mycalolide D,Tubastrea faulkneri,"Rashid, M.A., Gustafson, K.R., Cardeilina, J.H., & Boyd, M.R., 1995, Journal of natural products 58(7): 1120"
547.8,,1049.555908,C54H83NO19,Zooxanthellamide D ,Symbiodinium,"Fukatsu, T., Onodera, K.-i., Ohta, Y., et al., 2007, Journal of natural products 70(3): 407"
1072.6,,1049.555908,C54H83NO19,Zooxanthellamide D ,Symbiodinium,"Fukatsu, T., Onodera, K.-i., Ohta, Y., et al., 2007, Journal of natural products 70(3): 407"
1229.8996,[M+Na]+,1206.9096,C70H126O15,Symbiospirol A,Symbiodinium,"Tsunematsu, Y., Ohno, O., Konishi, K., et al., 2009, Organic letters 11(10): 2153"
1229.9029,[M+Na]+,1206.9096,C70H126O15,Symbiospirol B,Symbiodinium,"Tsunematsu, Y., Ohno, O., Konishi, K., et al., 2009, Organic letters 11(10): 2153"
1229.8985,[M+Na]+,1206.9096,C70H126O15,Symbiospirol C,Symbiodinium,"Tsunematsu, Y., Ohno, O., Konishi, K., et al., 2009, Organic letters 11(10): 2153"
2151.3296,[M+Na]+,2127.356201,C110H198O38,Durinskiol A,Durinskia,"Kita, M., Roy, M.C., Siwu, E.R., et al., 2007, Tetrahedron letters 48(19): 3423"
1086.663,[M+2Na]2+,2127.356201,C110H198O38,Durinskiol A,Durinskia,"Kita, M., Roy, M.C., Siwu, E.R., et al., 2007, Tetrahedron letters 48(19): 3423"
,,2127.356201,C110H198O38,Durinskiol B,Durinskia,"Siwu, E.R.O., Ohno, O., Kita, M., & Uemura, D., 2008, Chemistry letters 37(3): 236"
1347.6949,[M-2H]2-,2697.4022,C128H220N2O53S2,Zooxanthellamide B,Symbiodinium,"Onodera, K.-i., Nakamura, H., Oba, Y., & Ojika, M., 2004, Bioscience, Biotechnology, and Biochemistry 68(4): 955"
1347.72,[M-2H]2-,2697.4022,C128H220N2O53S2,Zooxanthellamide C,Symbiodinium,"Onodera, K.-i., Nakamura, H., Oba, Y., Ohizumi, Y., & Ojika, M., 2005, Journal of the American Chemical Society 127(29): 10406"
898.14,[M-3H]3-,2697.4022,C128H220N2O53S2,Zooxanthellamide C,Symbiodinium,"Onodera, K.-i., Nakamura, H., Oba, Y., Ohizumi, Y., & Ojika, M., 2005, Journal of the American Chemical Society 127(29): 10406"
1356.72,[M-2H]2-,2715.4127,C128H222N2O54S2,Zooxanthellamide A,Symbiodinium,"Onodera, K.-i., Nakamura, H., Oba, Y., & Ojika, M., 2003, Tetrahedron 59(7): 1067"
904.14,[M-3H]3-,2715.4127,C128H222N2O54S2,Zooxanthellamide A,Symbiodinium,"Onodera, K.-i., Nakamura, H., Oba, Y., & Ojika, M., 2003, Tetrahedron 59(7): 1067"
2829.9,[M-Na]-,2852.47998,C138H230NNaO56S,Zooxanthellatoxin-B,Symbiodinium,"Nakamura, H., Asari, T., Fujimaki, K., et al., 1995, Tetrahedron letters 36(40): 7255"
1452.2,[M+2Na]2+,2858.490479,C137H232NNaO57S,Symbiodinolide,Symbiodinium,"Kita, M., Ohishi, N., Konishi, K., et al., 2007, Tetrahedron 63(27): 6241"
975.8,[M+3Na]3+,2858.490479,C137H232NNaO57S,Symbiodinolide,Symbiodinium,"Kita, M., Ohishi, N., Konishi, K., et al., 2007, Tetrahedron 63(27): 6241"
2872,[M-Na]-,2894.4903,C140H232NNaO57S,Zooxanthellatoxin A,Symbiodinium,"Nakamura, H., Asari, T., Murai, A., et al., 1995, Journal of the American Chemical Society 117(1): 550"
303,[M+H]+,,,Mycosporine-methylamine-threonine ,Pocillopora ,"Carignan, M.O., Cardozo, K.H., Oliveira-Silva, D., Colepicolo, P., & Carreto, J.I., 2009, Journal of Photochemistry and Photobiology B: Biology 94(3): 191"
730 - 850 a,,,,Alkyl-phosphatidylcholine ,Aiptasia,"Garrett, T.A., Schmeitzel, J.L., Klein, J.A., Hwang, J.J., & Schwarz, J.A., 2013, PloS one 8(3): e57978"
610 - 675,,,,Phosphonosphingolipid ,Aiptasia,"Garrett, T.A., Schmeitzel, J.L., Klein, J.A., Hwang, J.J., & Schwarz, J.A., 2013, PloS one 8(3): e57979"
720 - 795,,,,Plasmalogen phosphatidylethanolamine ,Aiptasia,"Garrett, T.A., Schmeitzel, J.L., Klein, J.A., Hwang, J.J., & Schwarz, J.A., 2013, PloS one 8(3): e57980"
329,[M+H]+,,,Palythinic acid,Diatoms,"Ingalls, A.E., Whitehead, K., & Bridoux, M.C., 2010, Geochimica et Cosmochimica Acta 74(1): 104"